Tipo,N_eventos,Freq_dominante_media,Duracion_media,RMS_media,Energia_media
LP,577,0.20897940358244527,82.27458578856152,241.9960566580774,11901760994.909878
TC,2198,0.10520604217161127,78.5316178343949,200.4294085601234,5269822660.135123
TR,471,0.2541542022219592,46.192515923566894,180.43886552577956,980217085.133758
VT,2686,0.12976526450739143,19.604844378257635,189.70383125124465,189032506.25763217
HY,213,0.7150996718196528,57.196962441314554,144.50388500667157,399285077.25352114
